CasDeTest,Profiles,TypeTitreDeSejour,PourQui,PWEtrangerVisa,NumEtrangerVisa,DateDebut,DateFin,AdresseUsager,NumeroTelephoneUsager,NumEphoto
Sejour1,Usager,TS-PT-SalarieQualifie,Moi-mÃªme,HHizaoui001!,7703055101,01/01/2022,31/12/2022,2 rue des 3 moulins 77000 melun,0911223344,1PMTYE991215114515JY05
Sejour2,Usager,TS-PT-SalarieQualifie,Moi-mÃªme,HHizaoui001!,7703055116,01/01/2022,31/12/2022,2 rue des 3 moulins 77000 melun,0911223344,1PMTYE991215114515JY05
Sejour3,Usager,TS-PT-SalarieQualifie,Moi-même,HHizaoui001!,7703050868,01/01/2022,31/12/2022,2 rue des 3 moulins 77000 melun,0911223344,1PMTYE991215114515JY05
Sejour4,Usager,TS-PT-SalarieQualifie,Moi-même,HHizaoui001!,7703039451,01/01/2022,31/12/2022,2 rue des 3 moulins 77000 melun,0911223344,1PMTYE991215114515JY05
Sejour5,Usager,TS-PT-SalarieQualifie,Moi-même,HHizaoui001!,7703039452,01/01/2022,31/12/2022,2 rue des 3 moulins 77000 melun,0911223344,1PMTYE991215114515JY05
Sejour6,Usager,TS-PT-SalarieQualifie,Moi-même,HHizaoui001!,7703039453,01/01/2022,31/12/2022,2 rue des 3 moulins 77000 melun,0911223344,1PMTYE991215114515JY05
Sejour7,Usager,TS-PT-SalarieQualifie,Moi-même,HHizaoui001!,7703039454,01/01/2022,31/12/2022,2 rue des 3 moulins 77000 melun,0911223344,1PMTYE991215114515JY05
Sejour8,Usager,TS-PT-SalarieQualifie,Moi-même,HHizaoui001!,7703039459,01/01/2022,31/12/2022,2 rue des 3 moulins 77000 melun,0911223344,1PMTYE991215114515JY05
Sejour9,Usager,TS-PT-SalarieQualifie,Moi-même,HHizaoui001!,7703039456,01/01/2022,31/12/2022,2 rue des 3 moulins 77000 melun,0911223344,1PMTYE991215114515JY05
Sejour10,Usager,TS-PT-SalarieQualifie,Moi-même,HHizaoui001!,7703039457,01/01/2022,31/12/2022,2 rue des 3 moulins 77000 melun,0911223344,1PMTYE991215114515JY05
Sejour11,Usager,TS-PT-SalarieQualifie,Moi-même,HHizaoui001!,7703039458,01/01/2022,31/12/2022,2 rue des 3 moulins 77000 melun,0911223344,1PMTYE991215114515JY05
Sejour12,Usager,TS-PT-SalarieQualifie,Moi-même,HHizaoui001!,7703039464,01/01/2022,31/12/2022,2 rue des 3 moulins 77000 melun,0911223344,1PMTYE991215114515JY05
Sejour13,Usager,TS-PT-SalarieQualifie,Moi-même,HHizaoui001!,7703052203,01/01/2022,31/12/2022,2 rue des 3 moulins 77000 melun,0911223344,1PMTYE991215114515JY05
Sejour14,Usager,TS-PT-SalarieQualifie,Moi-même,HHizaoui001!,7703039443,01/01/2022,31/12/2022,2 rue des 3 moulins 77000 melun,0911223344,1PMTYE991215114515JY05
Sejour15,Usager,TS-PT-SalarieQualifie,Moi-même,HHizaoui001!,7703039444,01/01/2022,31/12/2022,2 rue des 3 moulins 77000 melun,0911223344,1PMTYE991215114515JY05
Sejour16,Usager,TS-PT-SalarieQualifie,Moi-même,HHizaoui001!,7703050329,01/01/2022,31/12/2022,2 rue des 3 moulins 77000 melun,0911223344,1PMTYE991215114515JY05
Sejour17,Usager,TS-PT-SalarieQualifie,Moi-même,HHizaoui001!,7703050330,01/01/2022,31/12/2022,2 rue des 3 moulins 77000 melun,0911223344,1PMTYE991215114515JY05
Sejour18,Usager,TS-PT-SalarieQualifie,Moi-même,HHizaoui001!,7703050867,01/01/2022,31/12/2022,2 rue des 3 moulins 77000 melun,0911223344,1PMTYE991215114515JY05
Sejour19,Usager,TS-PT-SalarieQualifie,Moi-même,HHizaoui001!,7703050771,01/01/2022,31/12/2022,2 rue des 3 moulins 77000 melun,0911223344,1PMTYE991215114515JY05
Sejour20,Usager,TS-PT-SalarieQualifie,Moi-même,HHizaoui001!,7703050799,01/01/2022,31/12/2022,2 rue des 3 moulins 77000 melun,0911223344,1PMTYE991215114515JY05
